{
  "GET Current Weather Data by 51.55 & 66" : {
    "transaction" : "GET Current Weather Data by 51.55 & 66",
    "sampleCount" : 1,
    "errorCount" : 0,
    "errorPct" : 0.0,
    "meanResTime" : 250.0,
    "minResTime" : 250.0,
    "maxResTime" : 250.0,
    "pct1ResTime" : 250.0,
    "pct2ResTime" : 250.0,
    "pct3ResTime" : 250.0,
    "throughput" : 4.0,
    "receivedKBytesPerSec" : 5.5546875,
    "sentKBytesPerSec" : 0.8515625
  },
  "GET Current Weather Data by lat and lon" : {
    "transaction" : "GET Current Weather Data by lat and lon",
    "sampleCount" : 10,
    "errorCount" : 0,
    "errorPct" : 0.0,
    "meanResTime" : 1099.1000000000001,
    "minResTime" : 988.0,
    "maxResTime" : 1858.0,
    "pct1ResTime" : 1782.4000000000003,
    "pct2ResTime" : 1858.0,
    "pct3ResTime" : 1858.0,
    "throughput" : 0.1825017337664708,
    "receivedKBytesPerSec" : 0.2521874543745666,
    "sentKBytesPerSec" : 0.038318235116983616
  },
  "GET Current Weather Data by Postal Code 2300" : {
    "transaction" : "GET Current Weather Data by Postal Code 2300",
    "sampleCount" : 1,
    "errorCount" : 0,
    "errorPct" : 0.0,
    "meanResTime" : 255.0,
    "minResTime" : 255.0,
    "maxResTime" : 255.0,
    "pct1ResTime" : 255.0,
    "pct2ResTime" : 255.0,
    "pct3ResTime" : 255.0,
    "throughput" : 3.9215686274509802,
    "receivedKBytesPerSec" : 45.09037990196078,
    "sentKBytesPerSec" : 0.8616727941176471
  },
  "GET Current Weather Data by Postal Code 2100" : {
    "transaction" : "GET Current Weather Data by Postal Code 2100",
    "sampleCount" : 1,
    "errorCount" : 0,
    "errorPct" : 0.0,
    "meanResTime" : 1278.0,
    "minResTime" : 1278.0,
    "maxResTime" : 1278.0,
    "pct1ResTime" : 1278.0,
    "pct2ResTime" : 1278.0,
    "pct3ResTime" : 1278.0,
    "throughput" : 0.7824726134585289,
    "receivedKBytesPerSec" : 9.002255721830986,
    "sentKBytesPerSec" : 0.1719300176056338
  },
  "GET Current Weather Data by Postal Code ${postcode}" : {
    "transaction" : "GET Current Weather Data by Postal Code ${postcode}",
    "sampleCount" : 10,
    "errorCount" : 0,
    "errorPct" : 0.0,
    "meanResTime" : 394.8,
    "minResTime" : 253.0,
    "maxResTime" : 1602.0,
    "pct1ResTime" : 1469.7000000000005,
    "pct2ResTime" : 1602.0,
    "pct3ResTime" : 1602.0,
    "throughput" : 0.18801233360908476,
    "receivedKBytesPerSec" : 2.1502074598593666,
    "sentKBytesPerSec" : 0.04131130377152741
  },
  "GET Current Weather Data by Postal Code 2000" : {
    "transaction" : "GET Current Weather Data by Postal Code 2000",
    "sampleCount" : 1,
    "errorCount" : 0,
    "errorPct" : 0.0,
    "meanResTime" : 254.0,
    "minResTime" : 254.0,
    "maxResTime" : 254.0,
    "pct1ResTime" : 254.0,
    "pct2ResTime" : 254.0,
    "pct3ResTime" : 254.0,
    "throughput" : 3.937007874015748,
    "receivedKBytesPerSec" : 45.34095103346456,
    "sentKBytesPerSec" : 0.8650652066929134
  },
  "GET Current Weather Data by Postal Code 2120" : {
    "transaction" : "GET Current Weather Data by Postal Code 2120",
    "sampleCount" : 1,
    "errorCount" : 0,
    "errorPct" : 0.0,
    "meanResTime" : 267.0,
    "minResTime" : 267.0,
    "maxResTime" : 267.0,
    "pct1ResTime" : 267.0,
    "pct2ResTime" : 267.0,
    "pct3ResTime" : 267.0,
    "throughput" : 3.745318352059925,
    "receivedKBytesPerSec" : 42.75661282771535,
    "sentKBytesPerSec" : 0.8229459269662921
  },
  "GET Current Weather Data by 87.32 & 87.45" : {
    "transaction" : "GET Current Weather Data by 87.32 & 87.45",
    "sampleCount" : 1,
    "errorCount" : 0,
    "errorPct" : 0.0,
    "meanResTime" : 1037.0,
    "minResTime" : 1037.0,
    "maxResTime" : 1037.0,
    "pct1ResTime" : 1037.0,
    "pct2ResTime" : 1037.0,
    "pct3ResTime" : 1037.0,
    "throughput" : 0.9643201542912248,
    "receivedKBytesPerSec" : 1.3494831846673097,
    "sentKBytesPerSec" : 0.20811987704918034
  },
  "GET Current Weather Data by 20.45 & 10.89" : {
    "transaction" : "GET Current Weather Data by 20.45 & 10.89",
    "sampleCount" : 1,
    "errorCount" : 0,
    "errorPct" : 0.0,
    "meanResTime" : 249.0,
    "minResTime" : 249.0,
    "maxResTime" : 249.0,
    "pct1ResTime" : 249.0,
    "pct2ResTime" : 249.0,
    "pct3ResTime" : 249.0,
    "throughput" : 4.016064257028112,
    "receivedKBytesPerSec" : 5.639746485943775,
    "sentKBytesPerSec" : 0.8667482429718876
  },
  "GET Current Weather Data by 90.44 & 33" : {
    "transaction" : "GET Current Weather Data by 90.44 & 33",
    "sampleCount" : 1,
    "errorCount" : 0,
    "errorPct" : 0.0,
    "meanResTime" : 248.0,
    "minResTime" : 248.0,
    "maxResTime" : 248.0,
    "pct1ResTime" : 248.0,
    "pct2ResTime" : 248.0,
    "pct3ResTime" : 248.0,
    "throughput" : 4.032258064516129,
    "receivedKBytesPerSec" : 5.53254158266129,
    "sentKBytesPerSec" : 0.858429939516129
  },
  "GET Current Weather Data by 66.44 & 23.78" : {
    "transaction" : "GET Current Weather Data by 66.44 & 23.78",
    "sampleCount" : 1,
    "errorCount" : 0,
    "errorPct" : 0.0,
    "meanResTime" : 1054.0,
    "minResTime" : 1054.0,
    "maxResTime" : 1054.0,
    "pct1ResTime" : 1054.0,
    "pct2ResTime" : 1054.0,
    "pct3ResTime" : 1054.0,
    "throughput" : 0.9487666034155597,
    "receivedKBytesPerSec" : 1.3406887452561669,
    "sentKBytesPerSec" : 0.20476310483870966
  },
  "GET Current Weather Data by Postal Code 2150" : {
    "transaction" : "GET Current Weather Data by Postal Code 2150",
    "sampleCount" : 1,
    "errorCount" : 0,
    "errorPct" : 0.0,
    "meanResTime" : 1858.0,
    "minResTime" : 1858.0,
    "maxResTime" : 1858.0,
    "pct1ResTime" : 1858.0,
    "pct2ResTime" : 1858.0,
    "pct3ResTime" : 1858.0,
    "throughput" : 0.5382131324004306,
    "receivedKBytesPerSec" : 6.155287103067814,
    "sentKBytesPerSec" : 0.11825972147470398
  },
  "GET Current Weather Data by 65.90 & 12.76" : {
    "transaction" : "GET Current Weather Data by 65.90 & 12.76",
    "sampleCount" : 1,
    "errorCount" : 0,
    "errorPct" : 0.0,
    "meanResTime" : 288.0,
    "minResTime" : 288.0,
    "maxResTime" : 288.0,
    "pct1ResTime" : 288.0,
    "pct2ResTime" : 288.0,
    "pct3ResTime" : 288.0,
    "throughput" : 3.472222222222222,
    "receivedKBytesPerSec" : 4.831949869791667,
    "sentKBytesPerSec" : 0.7493760850694445
  },
  "GET Current Weather Data by 89.56 & 44.77" : {
    "transaction" : "GET Current Weather Data by 89.56 & 44.77",
    "sampleCount" : 1,
    "errorCount" : 0,
    "errorPct" : 0.0,
    "meanResTime" : 248.0,
    "minResTime" : 248.0,
    "maxResTime" : 248.0,
    "pct1ResTime" : 248.0,
    "pct2ResTime" : 248.0,
    "pct3ResTime" : 248.0,
    "throughput" : 4.032258064516129,
    "receivedKBytesPerSec" : 5.564043598790323,
    "sentKBytesPerSec" : 0.8702431955645161
  },
  "Total" : {
    "transaction" : "Total",
    "sampleCount" : 35,
    "errorCount" : 0,
    "errorPct" : 0.0,
    "meanResTime" : 703.0571428571428,
    "minResTime" : 248.0,
    "maxResTime" : 1858.0,
    "pct1ResTime" : 1704.3999999999996,
    "pct2ResTime" : 1858.0,
    "pct3ResTime" : 1858.0,
    "throughput" : 0.6357741003796479,
    "receivedKBytesPerSec" : 3.624391331447203,
    "sentKBytesPerSec" : 0.13710652962707306
  },
  "GET Current Weather Data by 23.98 & 56.78" : {
    "transaction" : "GET Current Weather Data by 23.98 & 56.78",
    "sampleCount" : 1,
    "errorCount" : 0,
    "errorPct" : 0.0,
    "meanResTime" : 1858.0,
    "minResTime" : 1858.0,
    "maxResTime" : 1858.0,
    "pct1ResTime" : 1858.0,
    "pct2ResTime" : 1858.0,
    "pct3ResTime" : 1858.0,
    "throughput" : 0.5382131324004306,
    "receivedKBytesPerSec" : 0.7516062298170075,
    "sentKBytesPerSec" : 0.11615732642626479
  },
  "GET Current Weather Data by 67.33 & 33.56" : {
    "transaction" : "GET Current Weather Data by 67.33 & 33.56",
    "sampleCount" : 1,
    "errorCount" : 0,
    "errorPct" : 0.0,
    "meanResTime" : 275.0,
    "minResTime" : 275.0,
    "maxResTime" : 275.0,
    "pct1ResTime" : 275.0,
    "pct2ResTime" : 275.0,
    "pct3ResTime" : 275.0,
    "throughput" : 3.6363636363636362,
    "receivedKBytesPerSec" : 5.127840909090908,
    "sentKBytesPerSec" : 0.7848011363636364
  },
  "GET Current Weather Data by 65.90 & 34.22" : {
    "transaction" : "GET Current Weather Data by 65.90 & 34.22",
    "sampleCount" : 1,
    "errorCount" : 0,
    "errorPct" : 0.0,
    "meanResTime" : 249.0,
    "minResTime" : 249.0,
    "maxResTime" : 249.0,
    "pct1ResTime" : 249.0,
    "pct2ResTime" : 249.0,
    "pct3ResTime" : 249.0,
    "throughput" : 4.016064257028112,
    "receivedKBytesPerSec" : 5.682887801204819,
    "sentKBytesPerSec" : 0.8667482429718876
  }
}